{"name":"facb5875-e073-414a-9a93-306b9e3cd0a1","id":"/providers/Microsoft.Flow/flows/facb5875-e073-414a-9a93-306b9e3cd0a1","type":"Microsoft.Flow/flows","properties":{"apiId":"/providers/Microsoft.PowerApps/apis/shared_logicflows","displayName":"let me count the days","definition":{"metadata":{"workflowEntityId":null,"creator":{"id":"36e3b856-3c2e-4605-ac5f-99064d229c3a","type":"User","tenantId":"26e65220-5561-46ef-9783-ce5f20489241"},"provisioningMethod":"FromDefinition","failureAlertSubscription":true,"clientLastModifiedTime":"2019-03-09T04:28:42.1071378Z"},"$schema":"https://schema.management.azure.com/providers/Microsoft.Logic/schemas/2016-06-01/workflowdefinition.json#","contentVersion":"1.0.0.0","parameters":{"$connections":{"defaultValue":{},"type":"Object"},"$authentication":{"defaultValue":{},"type":"SecureObject"}},"triggers":{"manual":{"type":"Request","kind":"Button","inputs":{"schema":{"type":"object","required":["start","end"],"properties":{"start":{"type":"string","format":"date","x-ms-dynamically-added":true,"description":"Please enter or select a date (YYYY-MM-DD)","title":"Start","x-ms-content-hint":"DATE"},"end":{"type":"string","format":"date","x-ms-dynamically-added":true,"description":"Please enter or select a date (YYYY-MM-DD)","title":"End","x-ms-content-hint":"DATE"}}}}}},"actions":{"Compose_DaysDifference":{"runAfter":{},"type":"Compose","inputs":"@div(sub(ticks(triggerBody()['end']), ticks(triggerBody()['start'])), 864000000000)","description":"div(sub(ticks(triggerBody()['end']), ticks(triggerBody()['start'])), 864000000000)"},"Compose_DaysRange":{"runAfter":{"Compose_DaysDifference":["Succeeded"]},"type":"Compose","inputs":"@range(0, outputs('Compose_DaysDifference'))"},"Select_DaysProjection":{"runAfter":{"Compose_DaysRange":["Succeeded"]},"type":"Select","inputs":{"from":"@outputs('Compose_DaysRange')","select":"@addDays(triggerBody()['start'], item())"}},"Filter_array":{"runAfter":{"Select_DaysProjection":["Succeeded"]},"type":"Query","inputs":{"from":"@body('Select_DaysProjection')","where":"@contains(json('[1,2,3,4,5]'), dayOfWeek(item()))"}},"Compose":{"runAfter":{"Filter_array":["Succeeded"]},"type":"Compose","inputs":"there are @{length(body('Filter_array'))} weekdays between @{triggerBody()['start']} and @{triggerBody()['end']}\n\n\n"},"Create_HTML_table":{"runAfter":{"Get_calendar_view_of_events_(V2)":["Succeeded"]},"type":"Table","inputs":{"from":"@body('Get_calendar_view_of_events_(V2)')?['value']","format":"HTML","columns":[{"header":"Date","value":"@item()?['Start']"},{"header":"Event","value":"@item()?['Subject']"}]}},"Get_calendar_view_of_events_(V2)":{"runAfter":{"Compose":["Succeeded"]},"metadata":{"flowSystemMetadata":{"swaggerOperationId":"GetEventsCalendarViewV2"}},"type":"ApiConnection","inputs":{"host":{"connection":{"name":"@json(decodeBase64(triggerOutputs().headers['X-MS-APIM-Tokens']))['$connections']['shared_office365']['connectionId']"},"api":{"runtimeUrl":"https://australia-001.azure-apim.net/apim/office365"}},"method":"get","path":"/datasets/calendars/v2/tables/items/calendarview","queries":{"calendarId":"AAMkADFlZGQ5NDQ3LTQ3NTEtNGY4ZC05ZjkxLWI3YTUzYjQ5ZjE0NABGAAAAAABp_qKJP_uxQIParb98KZfMBwAqI0EK3uvpTqyUE9gRTgU0AAAAAAEGAAAqI0EK3uvpTqyUE9gRTgU0AAOnqqO4AAA=","startDateTimeOffset":"@triggerBody()['start']","endDateTimeOffset":"@triggerBody()['end']"},"authentication":{"type":"Raw","value":"@json(decodeBase64(triggerOutputs().headers['X-MS-APIM-Tokens']))['$ConnectionKey']"}}},"Select_Australian_Holiday_Dates":{"runAfter":{"Create_HTML_table":["Succeeded"]},"type":"Select","inputs":{"from":"@body('Get_calendar_view_of_events_(V2)')?['value']","select":"@replace(item()?['Start'], '+00:00', '')"}},"Filter_array_Holidays":{"runAfter":{"Select_Australian_Holiday_Dates":["Succeeded"]},"type":"Query","inputs":{"from":"@body('Filter_array')","where":"@not(contains(body('Select_Australian_Holiday_Dates'), item()))"}},"Compose_2":{"runAfter":{"Filter_array_Holidays":["Succeeded"]},"type":"Compose","inputs":"there are @{length(body('Filter_array_Holidays'))} weekdays between @{triggerBody()['start']} and @{triggerBody()['end']}\n"},"Send_me_a_mobile_notification":{"runAfter":{"Compose_2":["Succeeded"]},"metadata":{"flowSystemMetadata":{"swaggerOperationId":"SendNotification"}},"type":"ApiConnection","inputs":{"host":{"connection":{"name":"@json(decodeBase64(triggerOutputs().headers['X-MS-APIM-Tokens']))['$connections']['shared_flowpush']['connectionId']"},"api":{"runtimeUrl":"https://australia-001.azure-apim.net/apim/flowpush"}},"method":"post","body":{"notificationText":"@{outputs('Compose_2')}"},"path":"/sendNotification","authentication":{"type":"Raw","value":"@json(decodeBase64(triggerOutputs().headers['X-MS-APIM-Tokens']))['$ConnectionKey']"}}}},"outputs":{}},"connectionReferences":{"shared_office365":{"connectionName":"shared-office365-85e57812-8383-483d-8145-f7a70778f6f7","source":"Invoker","id":"/providers/Microsoft.PowerApps/apis/shared_office365","tier":"NotSpecified"},"shared_flowpush":{"connectionName":"shared-flowpush-efdd692f-7944-42df-a9bb-641d2edfa844","source":"Invoker","id":"/providers/Microsoft.PowerApps/apis/shared_flowpush","tier":"NotSpecified"}},"flowFailureAlertSubscribed":false}}