{"name":"8304ff75-d799-4765-9f5e-d684b3149d29","id":"/providers/Microsoft.Flow/flows/8304ff75-d799-4765-9f5e-d684b3149d29","type":"Microsoft.Flow/flows","properties":{"apiId":"/providers/Microsoft.PowerApps/apis/shared_logicflows","displayName":"Get Football","definition":{"$schema":"https://schema.management.azure.com/providers/Microsoft.Logic/schemas/2016-06-01/workflowdefinition.json#","contentVersion":"1.0.0.0","parameters":{"$connections":{"defaultValue":{},"type":"Object"},"$authentication":{"defaultValue":{},"type":"SecureObject"}},"triggers":{"manual":{"type":"Request","kind":"Button","inputs":{"schema":{"type":"object","required":[],"properties":{}}},"description":"replace this with a recurrence"}},"actions":{"Parse_JSON_init":{"runAfter":{},"type":"ParseJson","inputs":{"content":{"groups":["A","B","C","D","E","F","G","H"],"world-cup-url":"http://api.football-data.org/v1/competitions/467","world-cup-table-url":"http://api.football-data.org/v1/competitions/467/leagueTable","world-cup-fixtures-url":"http://api.football-data.org/v1/competitions/467/fixtures"},"schema":{"type":"object","properties":{"groups":{"type":"array","items":{"type":"string"}},"world-cup-url":{"type":"string"},"world-cup-table-url":{"type":"string"},"world-cup-fixtures-url":{"type":"string"}}}}},"HTTP_world-cup-fixtures":{"runAfter":{"Parse_JSON_init":["Succeeded"]},"type":"Http","inputs":{"method":"GET","uri":"@body('Parse_JSON_init')?['world-cup-fixtures-url']"}},"Parse_JSON":{"runAfter":{"HTTP_world-cup-fixtures":["Succeeded"]},"type":"ParseJson","inputs":{"content":"@body('HTTP_world-cup-fixtures')","schema":{"type":"object","properties":{"count":{"type":"integer"},"fixtures":{"type":"array","items":{"type":"object","properties":{"date":{"type":"string"},"status":{"type":"string"},"matchday":{"type":"integer"},"homeTeamName":{"type":"string"},"awayTeamName":{"type":"string"},"result":{"type":"object","properties":{"goalsHomeTeam":{},"goalsAwayTeam":{}}}}}}}}}},"Select":{"runAfter":{"Parse_JSON":["Succeeded"]},"type":"Select","inputs":{"from":"@body('Parse_JSON')?['fixtures']","select":{"date":"@convertFromUtc(item()?['date'], 'AUS Eastern Standard Time')","Day":"@item()['matchday']","Team1":"@item()['homeTeamName']","Team2":"@item()['awayTeamName']","Team1Goals":"@item()['result']['goalsHomeTeam']","Team2Goals":"@item()['result']['goalsAwayTeam']","Status":"@item()['status']"}},"description":"convertFromUtc(item()?['date'], 'AUS Eastern Standard Time')"},"Create_HTML_table":{"runAfter":{"Select":["Succeeded"]},"type":"Table","inputs":{"from":"@body('Select')","format":"HTML"}},"Create_file":{"runAfter":{"Create_HTML_table":["Succeeded"]},"metadata":{"flowSystemMetadata":{"swaggerOperationId":"CreateFile"}},"type":"ApiConnection","inputs":{"host":{"api":{"runtimeUrl":"https://australia-001.azure-apim.net/apim/sharepointonline"},"connection":{"name":"@json(decodeBase64(triggerOutputs().headers['X-MS-APIM-Tokens']))['$connections']['shared_sharepointonline']['connectionId']"}},"method":"post","body":"@body('Create_HTML_table')","path":"/datasets/@{encodeURIComponent(encodeURIComponent('https://johnliu365.sharepoint.com/'))}/files","queries":{"folderPath":"/Shared Documents","name":"fifa-2018-fixtures.html","queryParametersSingleEncoded":true},"authentication":{"type":"Raw","value":"@json(decodeBase64(triggerOutputs().headers['X-MS-APIM-Tokens']))['$ConnectionKey']"}}}},"outputs":{}},"connectionReferences":{"shared_sharepointonline":{"connectionName":"shared-sharepointonl-f1a6c0d5-6c9b-4f24-8ae6-2bde68cecb3f","source":"Invoker","id":"/providers/Microsoft.PowerApps/apis/shared_sharepointonline","tier":"NotSpecified"}},"flowFailureAlertSubscribed":false}}