{"name":"b7d9f5cb-521e-424f-8262-f8bfd708cdfc","id":"/providers/Microsoft.Flow/flows/b7d9f5cb-521e-424f-8262-f8bfd708cdfc","type":"Microsoft.Flow/flows","properties":{"apiId":"/providers/Microsoft.PowerApps/apis/shared_logicflows","displayName":"Battleship Calendar","definition":{"metadata":{"workflowEntityId":null,"creator":{"id":"36e3b856-3c2e-4605-ac5f-99064d229c3a","type":"User","tenantId":"26e65220-5561-46ef-9783-ce5f20489241"},"provisioningMethod":"FromDefinition","failureAlertSubscription":true,"clientLastModifiedTime":"2019-03-04T11:22:01.3893341Z"},"$schema":"https://schema.management.azure.com/providers/Microsoft.Logic/schemas/2016-06-01/workflowdefinition.json#","contentVersion":"1.0.0.0","parameters":{"$connections":{"defaultValue":{},"type":"Object"},"$authentication":{"defaultValue":{},"type":"SecureObject"}},"triggers":{"When_a_new_event_is_created_(V2)":{"recurrence":{"interval":1,"frequency":"Minute"},"splitOn":"@triggerBody()?['value']","metadata":{"flowSystemMetadata":{"swaggerOperationId":"CalendarGetOnNewItemsV2"}},"type":"ApiConnection","inputs":{"host":{"connection":{"name":"@parameters('$connections')['shared_office365_1']['connectionId']"},"api":{"runtimeUrl":"https://australia-001.azure-apim.net/apim/office365"}},"method":"get","path":"/datasets/calendars/v2/tables/@{encodeURIComponent(encodeURIComponent('AAMkADFlZGQ5NDQ3LTQ3NTEtNGY4ZC05ZjkxLWI3YTUzYjQ5ZjE0NABGAAAAAABp_qKJP_uxQIParb98KZfMBwAqI0EK3uvpTqyUE9gRTgU0AAAAAAEGAAAqI0EK3uvpTqyUE9gRTgU0AAAMO1urAAA='))}/onnewitems","authentication":"@parameters('$authentication')"}}},"actions":{"Compose-CountEvents":{"runAfter":{"Create_HTML_table":["Succeeded"]},"type":"Compose","inputs":"@length(body('Get_events_(V3)')?['value'])","description":"length(body('Get_events_(V3)')?['value'])"},"Get_events_(V3)":{"runAfter":{"Compose-End":["Succeeded"]},"metadata":{"flowSystemMetadata":{"swaggerOperationId":"V3CalendarGetItems"}},"type":"ApiConnection","inputs":{"host":{"connection":{"name":"@parameters('$connections')['shared_office365_1']['connectionId']"},"api":{"runtimeUrl":"https://australia-001.azure-apim.net/apim/office365"}},"method":"get","path":"/datasets/calendars/v3/tables/@{encodeURIComponent(encodeURIComponent('AAMkADFlZGQ5NDQ3LTQ3NTEtNGY4ZC05ZjkxLWI3YTUzYjQ5ZjE0NABGAAAAAABp_qKJP_uxQIParb98KZfMBwAqI0EK3uvpTqyUE9gRTgU0AAAAAAEGAAAqI0EK3uvpTqyUE9gRTgU0AAAMO1urAAA='))}/items","queries":{"$filter":"End ge @{outputs('Compose-Start')} and Start le @{outputs('Compose-End')} "},"authentication":"@parameters('$authentication')"}},"Compose-Start":{"runAfter":{"Comment":["Succeeded"]},"type":"Compose","inputs":"@replace(triggerBody()?['Start'], '+00:00', 'Z')","description":"replace(triggerBody()?['Start'], '+00:00', 'Z')"},"Compose-End":{"runAfter":{"Compose-Start":["Succeeded"]},"type":"Compose","inputs":"@replace(triggerBody()?['End'], '+00:00', 'Z')","description":"replace(triggerBody()?['End'], '+00:00', 'Z')"},"Create_HTML_table":{"runAfter":{"Get_events_(V3)":["Succeeded"]},"type":"Table","inputs":{"from":"@body('Get_events_(V3)')?['value']","format":"HTML","columns":[{"header":"Title","value":"@item()?['Subject']"},{"header":"Start","value":"@item()?['Start']"},{"header":"End","value":"@item()?['End']"},{"header":"Organizer","value":"@item()?['Organizer']"}]},"description":"This HTML table for debugging.  You can send this to yourself in a Rich Email as info"},"Condition":{"actions":{"Respond_to_an_event_invite":{"runAfter":{},"metadata":{"flowSystemMetadata":{"swaggerOperationId":"RespondToEvent"}},"type":"ApiConnection","inputs":{"host":{"connection":{"name":"@parameters('$connections')['shared_office365_1']['connectionId']"},"api":{"runtimeUrl":"https://australia-001.azure-apim.net/apim/office365"}},"method":"post","body":{"Comment":"Battleship game for Outlook calendar!\n\nYou scored @{outputs('Compose-CountEvents')} points","SendResponse":true},"path":"/codeless/api/v2.0/me/events/@{encodeURIComponent(triggerBody()?['Id'])}/@{encodeURIComponent('Decline')}","authentication":"@parameters('$authentication')"}}},"runAfter":{"Compose-CountEvents":["Succeeded"]},"expression":{"greaterOrEquals":["@outputs('Compose-CountEvents')",3]},"type":"If"},"Comment":{"runAfter":{},"type":"Compose","inputs":"Outlook event dates are in \nyyyy-mm-ddThh:mm:ss.000000+00:00\n\nbut OData filter needs\nyyyy-mm-ddThh:mm:ss.000000Z\n\nso two quick compose actions to switch Outlook datetime into ISO format"}},"outputs":{}},"connectionReferences":{"shared_office365_1":{"connectionName":"shared-office365-85e57812-8383-483d-8145-f7a70778f6f7","source":"Embedded","id":"/providers/Microsoft.PowerApps/apis/shared_office365","tier":"NotSpecified"}},"flowFailureAlertSubscribed":false}}