{"name":"0e342703-d76f-4b9d-820a-58f7267fe6f3","id":"/providers/Microsoft.Flow/flows/0e342703-d76f-4b9d-820a-58f7267fe6f3","type":"Microsoft.Flow/flows","properties":{"apiId":"/providers/Microsoft.PowerApps/apis/shared_logicflows","displayName":"Send File to Flow","definition":{"metadata":{"creator":{"id":"36e3b856-3c2e-4605-ac5f-99064d229c3a","type":"User","tenantId":"26e65220-5561-46ef-9783-ce5f20489241"},"provisioningMethod":"FromDefinition","failureAlertSubscription":null,"clientLastModifiedTime":"2018-07-27T23:29:15.2736435Z"},"$schema":"https://schema.management.azure.com/providers/Microsoft.Logic/schemas/2016-06-01/workflowdefinition.json#","contentVersion":"1.0.0.0","parameters":{"$connections":{"defaultValue":{},"type":"Object"},"$authentication":{"defaultValue":{},"type":"SecureObject"}},"triggers":{"manual":{"type":"Request","kind":"PowerApp","inputs":{"schema":{"type":"object","required":[],"properties":{"file":{"type":"object","x-ms-dynamically-added":true,"description":"Please select file or image","title":"File Content","x-ms-content-hint":"FILE","properties":{"name":{"type":"string"},"contentBytes":{"type":"string","format":"byte"}}}}}}}},"actions":{"Create_file":{"runAfter":{"FileContent":["Succeeded"]},"metadata":{"flowSystemMetadata":{"swaggerOperationId":"CreateFile"}},"type":"ApiConnection","inputs":{"host":{"api":{"runtimeUrl":"https://australia-001.azure-apim.net/apim/sharepointonline"},"connection":{"name":"@json(decodeBase64(triggerOutputs().headers['X-MS-APIM-Tokens']))['$connections']['shared_sharepointonline']['connectionId']"}},"method":"post","body":"@outputs('FileContent')","path":"/datasets/@{encodeURIComponent(encodeURIComponent('https://johnliu365.sharepoint.com/'))}/files","queries":{"folderPath":"/Shared Documents","name":"@{outputs('FileName')}","queryParametersSingleEncoded":true},"authentication":{"type":"Raw","value":"@json(decodeBase64(triggerOutputs().headers['X-MS-APIM-Tokens']))['$ConnectionKey']"}}},"FileContent":{"runAfter":{"FileName":["Succeeded"]},"type":"Compose","inputs":"@base64ToBinary(triggerBody()['file']['contentBytes'])","description":"base64ToBinary(triggerBody()['file']['contentBytes'])"},"FileName":{"runAfter":{},"type":"Compose","inputs":"@triggerBody()['file']['name']","description":"triggerBody()['file']['name']"}},"outputs":{}},"connectionReferences":{"shared_sharepointonline":{"connectionName":"shared-sharepointonl-f1a6c0d5-6c9b-4f24-8ae6-2bde68cecb3f","source":"Invoker","id":"/providers/Microsoft.PowerApps/apis/shared_sharepointonline","tier":"NotSpecified"}},"flowFailureAlertSubscribed":false}}