<?xml version="1.0" encoding="UTF-8" standalone="yes"?>
<manifest>
  <control namespace="GamePadNS" constructor="GamePadComponent" version="0.0.4" display-name-key="GamePadComponent" description-key="GamePadComponent description" control-type="standard" api-version="1.2.3">
    <external-service-usage enabled="false"/>
    <property name="pad1Vibrate" display-name-key="pad1Vibrate_disp" description-key="pad1Vibrate_desc" of-type="Whole.None" usage="bound" required="false"/>
    <property name="pad1_0X" display-name-key="pad1_0X_disp" description-key="pad1_0X_desc" of-type="Decimal" usage="bound" required="false"/>
    <property name="pad1_0Y" display-name-key="pad1_0Y_disp" description-key="pad1_0Y_desc" of-type="Decimal" usage="bound" required="false"/>
    <property name="pad1_1X" display-name-key="pad1_1X_disp" description-key="pad1_1X_desc" of-type="Decimal" usage="bound" required="false"/>
    <property name="pad1_1Y" display-name-key="pad1_1Y_disp" description-key="pad1_1Y_desc" of-type="Decimal" usage="bound" required="false"/>
    <property name="pad1Button0" display-name-key="pad1Button0_disp" description-key="pad1Button0_desc" of-type="Decimal" usage="bound" required="false"/>
    <property name="pad1Button1" display-name-key="pad1Button1_disp" description-key="pad1Button1_desc" of-type="Decimal" usage="bound" required="false"/>
    <property name="pad1Button2" display-name-key="pad1Button2_disp" description-key="pad1Button2_desc" of-type="Decimal" usage="bound" required="false"/>
    <property name="pad1Button3" display-name-key="pad1Button3_disp" description-key="pad1Button3_desc" of-type="Decimal" usage="bound" required="false"/>
    <property name="pad1Button4" display-name-key="pad1Button4_disp" description-key="pad1Button4_desc" of-type="Decimal" usage="bound" required="false"/>
    <property name="pad1Button5" display-name-key="pad1Button5_disp" description-key="pad1Button5_desc" of-type="Decimal" usage="bound" required="false"/>
    <property name="pad1Button6" display-name-key="pad1Button6_disp" description-key="pad1Button6_desc" of-type="Decimal" usage="bound" required="false"/>
    <property name="pad1Button7" display-name-key="pad1Button7_disp" description-key="pad1Button7_desc" of-type="Decimal" usage="bound" required="false"/>
    <property name="pad1Button8" display-name-key="pad1Button8_disp" description-key="pad1Button8_desc" of-type="Decimal" usage="bound" required="false"/>
    <property name="pad1Button9" display-name-key="pad1Button9_disp" description-key="pad1Button9_desc" of-type="Decimal" usage="bound" required="false"/>
    <property name="pad1Button10" display-name-key="pad1Button10_disp" description-key="pad1Button10_desc" of-type="Decimal" usage="bound" required="false"/>
    <property name="pad1Button11" display-name-key="pad1Button11_disp" description-key="pad1Button11_desc" of-type="Decimal" usage="bound" required="false"/>
    <property name="pad1Button12" display-name-key="pad1Button12_disp" description-key="pad1Button12_desc" of-type="Decimal" usage="bound" required="false"/>
    <property name="pad1Button13" display-name-key="pad1Button13_disp" description-key="pad1Button13_desc" of-type="Decimal" usage="bound" required="false"/>
    <property name="pad1Button14" display-name-key="pad1Button14_disp" description-key="pad1Button14_desc" of-type="Decimal" usage="bound" required="false"/>
    <property name="pad1Button15" display-name-key="pad1Button15_disp" description-key="pad1Button15_desc" of-type="Decimal" usage="bound" required="false"/>
    <resources>
      <code path="bundle.js" order="1"/>
    </resources>
    <built-by name="pac" version="1.4.4"/>
  </control>
</manifest>