{"name":"b3f29f52-3b05-42ac-baa9-5d2c0c773610","id":"/providers/Microsoft.Flow/flows/b3f29f52-3b05-42ac-baa9-5d2c0c773610","type":"Microsoft.Flow/flows","properties":{"apiId":"/providers/Microsoft.PowerApps/apis/shared_logicflows","displayName":"msgraph-groups-listener","definition":{"$schema":"https://schema.management.azure.com/providers/Microsoft.Logic/schemas/2016-06-01/workflowdefinition.json#","contentVersion":"1.0.0.0","parameters":{"$authentication":{"defaultValue":{},"type":"SecureObject"}},"triggers":{"manual":{"type":"Request","kind":"Http","inputs":{"schema":{}}}},"actions":{"validationtoken":{"runAfter":{},"type":"Compose","inputs":"@trigger()?['outputs']?['queries']?['validationToken']","description":"trigger()?['outputs']?['queries']?['validationToken']"},"Condition":{"actions":{"Response":{"runAfter":{},"type":"Response","inputs":{"statusCode":200,"headers":{"Content-Type":"text/plain"},"body":"@outputs('validationtoken')"}}},"runAfter":{"validationtoken":["Succeeded"]},"else":{"actions":{"Response_2":{"runAfter":{"HTTP":["Succeeded"]},"type":"Response","inputs":{"statusCode":202}},"HTTP":{"runAfter":{},"type":"Http","inputs":{"method":"POST","uri":"http://callyournestedflow.com"}}}},"expression":"@not(equals(outputs('validationtoken'), null))","type":"If"}},"outputs":{}},"connectionReferences":{},"flowFailureAlertSubscribed":false}}