{"name":"971b13e2-8018-46c2-af3c-6d29cdd02a0a","id":"/providers/Microsoft.Flow/flows/971b13e2-8018-46c2-af3c-6d29cdd02a0a","type":"Microsoft.Flow/flows","properties":{"apiId":"/providers/Microsoft.PowerApps/apis/shared_logicflows","displayName":"approval escalation  demo","definition":{"metadata":{"creator":{"id":"36e3b856-3c2e-4605-ac5f-99064d229c3a","type":"User","tenantId":"26e65220-5561-46ef-9783-ce5f20489241"},"provisioningMethod":"FromDefinition","failureAlertSubscription":true,"clientLastModifiedTime":"2018-08-18T22:44:02.9188599Z"},"$schema":"https://schema.management.azure.com/providers/Microsoft.Logic/schemas/2016-06-01/workflowdefinition.json#","contentVersion":"1.0.0.0","parameters":{"$connections":{"defaultValue":{},"type":"Object"},"$authentication":{"defaultValue":{},"type":"SecureObject"}},"triggers":{"manual":{"type":"Request","kind":"Button","inputs":{"schema":{"type":"object","required":[],"properties":{}}}}},"actions":{"Initialize_variable":{"runAfter":{"Initialize_variable_-_approved":["Succeeded"]},"type":"InitializeVariable","inputs":{"variables":[{"name":"file_v","type":"String"}]}},"Initialize_variable_-_user":{"runAfter":{},"type":"InitializeVariable","inputs":{"variables":[{"name":"user","type":"String","value":"gimli@johnliu365.onmicrosoft.com"}]}},"Do_until":{"actions":{"Get_manager_(V2)":{"runAfter":{},"metadata":{"flowSystemMetadata":{"swaggerOperationId":"Manager_V2"}},"type":"ApiConnection","inputs":{"host":{"api":{"runtimeUrl":"https://australia-001.azure-apim.net/apim/office365users"},"connection":{"name":"@json(decodeBase64(triggerOutputs().headers['X-MS-APIM-Tokens']))['$connections']['shared_office365users']['connectionId']"}},"method":"get","path":"/codeless/v1.0/users/@{encodeURIComponent(variables('user'))}/manager","authentication":{"type":"Raw","value":"@json(decodeBase64(triggerOutputs().headers['X-MS-APIM-Tokens']))['$ConnectionKey']"}}},"Start_an_approval":{"runAfter":{"Get_manager_(V2)":["Succeeded"]},"limit":{"timeout":"PT1M"},"metadata":{"flowSystemMetadata":{"swaggerOperationId":"approvalSubscribeV2"}},"type":"ApiConnectionWebhook","inputs":{"host":{"api":{"runtimeUrl":"https://australia-001.azure-apim.net/apim/approvals"},"connection":{"name":"@json(decodeBase64(triggerOutputs().headers['X-MS-APIM-Tokens']))['$connections']['shared_approvals']['connectionId']"}},"body":{"notificationUrl":"@{listCallbackUrl()}","title":"manager approval","assignedTo":"@{body('Get_manager_(V2)')?['mail']};"},"path":"/types/@{encodeURIComponent('Basic')}/$subscriptions","authentication":{"type":"Raw","value":"@json(decodeBase64(triggerOutputs().headers['X-MS-APIM-Tokens']))['$ConnectionKey']"}}},"Set_variable":{"runAfter":{"Start_an_approval":["Succeeded"]},"type":"SetVariable","inputs":{"name":"approved","value":"@true"}},"Set_variable_2":{"runAfter":{"Start_an_approval":["Failed","TimedOut"]},"type":"SetVariable","inputs":{"name":"user","value":"@body('Get_manager_(V2)')?['mail']"}},"Compose_2":{"runAfter":{"Set_variable_2":["Succeeded"],"Set_variable":["Failed","Skipped","TimedOut"]},"type":"Compose","inputs":"catch errors or timeout"}},"runAfter":{"Initialize_variable_-_approved":["Succeeded"]},"expression":"@equals(variables('approved'), true)","limit":{"count":60,"timeout":"PT1H"},"type":"Until"},"Initialize_variable_-_approved":{"runAfter":{"Initialize_variable_-_user":["Succeeded"]},"type":"InitializeVariable","inputs":{"variables":[{"name":"approved","type":"Boolean","value":"@false"}]}},"Compose_-_finished":{"runAfter":{"Do_until":["Succeeded"],"Start_an_approval_2":["Succeeded"]},"type":"Compose","inputs":"finish"},"Start_an_approval_2":{"runAfter":{"Initialize_variable":["Succeeded"]},"metadata":{"flowSystemMetadata":{"swaggerOperationId":"approvalSubscribeV2"}},"type":"ApiConnectionWebhook","inputs":{"host":{"api":{"runtimeUrl":"https://australia-001.azure-apim.net/apim/approvals"},"connection":{"name":"@json(decodeBase64(triggerOutputs().headers['X-MS-APIM-Tokens']))['$connections']['shared_approvals']['connectionId']"}},"body":{"notificationUrl":"@{listCallbackUrl()}","title":"parallel approval to the other branch","assignedTo":";gandalf@johnliu365.onmicrosoft.com"},"path":"/types/@{encodeURIComponent('BasicAwaitAll')}/$subscriptions","authentication":{"type":"Raw","value":"@json(decodeBase64(triggerOutputs().headers['X-MS-APIM-Tokens']))['$ConnectionKey']"}}}},"outputs":{},"description":" #dwcau"},"connectionReferences":{"shared_office365users":{"connectionName":"shared-office365user-78679c16-c7ca-4fc0-b66e-a7bfd37dae7d","source":"Invoker","id":"/providers/Microsoft.PowerApps/apis/shared_office365users","tier":"NotSpecified"},"shared_approvals":{"connectionName":"shared-approvals-e7a16681-0920-49ba-8579-e4caf2d86f05","source":"Invoker","id":"/providers/Microsoft.PowerApps/apis/shared_approvals","tier":"NotSpecified"}},"flowFailureAlertSubscribed":false}}